{"ndLnZpnK2MhawQ2SgVYjBQ==":"grab_final_master_logo_2019_rgb_green-121x48.png","DkI87ATzzlIpE02J6WEqBw==":"covid-image-food-delivery-new-526x584.png","6aegl0/cG6OHffDtClQ4og==":"covid-image-groceries@2x-696x773.jpg","0o2R4QYzL/ayGt4WvNbw2Q==":"covid-image-delivery-services@2x-696x773.jpg","SM60zOq+9V/y4OAk1tS3IA==":"guide-profile-pic-696x522.jpg","IJSjuBMC0PGIwICVvyF+zA==":"guide-id-card-696x449.png","hfSGdtFoIfv6ZTApJUPwJA==":"guide-driving_license-696x428.png","oRykAiO0rUD++7AmPeEwUg==":"background1.jpg","IgQUov3LLyGgUny3PRoAcw==":"new-business-vehicle-696x928.jpg","gim6vyyoHXQaDAhoUvJwSg==":"consent-for-vehiclenot-owner-620x750.png","XMtel2SoYx77+SCbv4kqdg==":"guide-circle-sign-2-696x986.png","m6mXUYLxFDCSS9iFXSrdIQ==":"grab_final_master_logo_2019_rgb_green-980x392.png","VDltbwrySbCG54kSjBjwiw==":"mbr-1920x1280.jpg","P55IuzmsNqmn2wdv39wHRA==":"covid-image-delivery-services@2x-1052x1168.jpg"}